date,open,high,low,close,volume,day_vwap,prev_vwap,gap,gap_std,gap_z
2024-01-16,1158.1,1170.0,1157.7,1170.0,8733,1161.651463796328,1170.3633450607065,-12.26334506070657,7.906482805182223,-1.5510493556842604
2024-01-17,1171.7,1179.6,1164.4,1165.1,9557,1172.9372048411287,1161.651463796328,10.048536203672029,7.990825195163812,1.2575092006459583
2024-01-18,1167.6,1177.3,1165.8,1172.8,7957,1169.878630974823,1172.9372048411287,-5.337204841128823,7.888172727214184,-0.6766085157739352
2024-01-19,1181.4,1188.3,1180.4,1187.8,8012,1184.3594025628224,1169.878630974823,11.521369025177137,8.081505629806582,1.4256463526652128
2024-01-22,1194.5,1196.2,1186.2,1195.3,7989,1190.945742062002,1184.3594025628224,10.140597437177576,8.067231868429163,1.2570107817109433
2024-01-23,1193.0,1194.5,1181.8,1184.2,8364,1188.7789135979597,1190.945742062002,2.0542579379980452,7.7747651838055605,0.26422121947515015
2024-01-24,1183.3,1190.4,1179.1,1181.7,8192,1185.6055297851562,1188.7789135979597,-5.478913597959718,7.7716120801596125,-0.7049906173195397
2024-01-25,1181.4,1183.7,1175.0,1182.8,7834,1179.9175729725127,1185.6055297851562,-4.205529785156159,7.674015732988961,-0.5480220436710185
2024-01-26,1182.1,1188.7,1181.8,1188.0,8046,1185.8852556135553,1179.9175729725127,2.182427027487165,7.445995306072363,0.2931007793823548
2024-01-29,1189.5,1189.5,1181.7,1182.0,6976,1185.6394352064221,1185.8852556135553,3.614744386444727,7.24997472155505,0.49858717102801137
2024-01-30,1184.1,1187.2,1182.7,1187.0,5417,1183.8672697064796,1185.6394352064221,-1.5394352064222403,7.095315632826179,-0.21696500706749508
2024-01-31,1186.8,1188.5,1165.7,1166.2,9071,1180.3698599933855,1183.8672697064796,2.932730293520308,6.917880295762494,0.4239348135752991
2024-02-01,1168.6,1180.4,1168.6,1178.0,9534,1175.2188448360255,1180.3698599933855,-11.76985999338558,6.9378336279382005,-1.6964748110979668
2024-02-02,1179.2,1182.3,1174.9,1176.8,7930,1179.2005422446407,1175.2188448360255,3.981155163974563,6.9742306073346,0.5708379014292552
2024-02-05,1182.7,1210.0,1181.3,1203.9,9894,1190.8498618691463,1179.2005422446407,3.4994577553593444,6.839906448175878,0.5116236284624344
2024-02-06,1201.7,1205.8,1200.8,1202.6,7995,1203.5209631019386,1190.8498618691463,10.850138130853793,7.1643543816174455,1.5144613949713965
2024-02-07,1206.3,1219.6,1205.5,1217.1,9783,1211.0176087771304,1203.5209631019386,2.7790368980613493,7.159345011340317,0.38816915425355086
2024-02-15,1224.7,1227.6,1218.0,1218.7,7589,1222.308709974964,1211.0176087771304,13.682391222869683,7.651167860611428,1.7882748715143573
2024-02-16,1226.4,1232.0,1222.7,1232.0,8791,1226.5531414704433,1222.308709974964,4.091290025036187,7.521223313553487,0.5439660351080855
2024-02-19,1231.5,1243.8,1230.6,1243.8,9587,1235.3982267654117,1226.5531414704433,4.946858529556721,7.29842881320512,0.6777977364945069
2024-02-20,1240.9,1243.6,1237.8,1241.1,9095,1240.7538207806488,1235.3982267654117,5.501773234588427,6.46827469329725,0.8505781673573077
2024-02-21,1236.1,1248.3,1235.4,1243.4,10614,1240.5778123233465,1240.7538207806488,-4.653820780648857,6.481405779408108,-0.7180264496684315
2024-02-22,1240.3,1242.5,1236.0,1239.3,9209,1239.5749773772034,1240.5778123233465,-0.27781232334655215,6.256738767605764,-0.044402097269095546
2024-02-23,1240.8,1253.9,1225.6,1227.5,11539,1245.1937805124649,1239.5749773772034,1.2250226227965868,5.905820430734404,0.2074263241092571
2024-02-26,1226.1,1231.4,1222.2,1229.6,9826,1226.7508243435782,1245.1937805124649,-19.093780512464946,7.287475282893983,-2.6200816841580385
2024-02-27,1230.5,1242.5,1230.5,1242.5,10415,1236.4262345975355,1226.7508243435782,3.749175656421812,7.313663657247803,0.5126262065259726
2024-02-28,1242.6,1262.1,1241.6,1262.1,11171,1248.3587384000239,1236.4262345975355,6.173765402464369,7.250943066115911,0.851443094528592
2024-02-29,1266.2,1271.4,1255.3,1263.4,10907,1264.273429907399,1248.3587384000239,17.84126159997618,7.994292517542307,2.231749909179097
2024-03-01,1264.6,1268.4,1259.2,1267.4,10954,1263.3007151116792,1264.273429907399,0.32657009260083214,8.008757275937409,0.04077662505542819
2024-03-04,1270.2,1272.0,1263.5,1267.3,10443,1267.9594912062307,1263.3007151116792,6.899284888320835,8.068580992194692,0.8550803288700951
2024-03-05,1266.7,1278.1,1264.2,1277.9,9535,1267.1558748470545,1267.9594912062307,-1.2594912062306776,8.061339659375852,-0.15623844912251142
2024-03-06,1277.4,1282.0,1256.0,1266.9,10733,1273.2679617379422,1267.1558748470545,10.244125152945571,8.242343043490212,1.2428656631849802
2024-03-07,1267.2,1278.0,1264.4,1273.2,10459,1270.1288364088346,1273.2679617379422,-6.0679617379421416,7.793256710310816,-0.7786169458416486
2024-03-08,1274.7,1276.0,1249.5,1249.9,13488,1259.79287514828,1270.1288364088346,4.571163591165487,7.797397559412251,0.5862422117553346
2024-03-11,1251.0,1254.5,1231.1,1232.0,12443,1249.5978488574567,1259.79287514828,-8.792875148280018,8.24824470983239,-1.0660298593952233
2024-03-12,1232.3,1243.0,1232.0,1238.5,10913,1236.5876355417088,1249.5978488574567,-17.297848857456756,9.127614096999945,-1.8951117645455886
2024-03-13,1241.1,1273.7,1240.4,1270.7,12138,1250.4656203657933,1236.5876355417088,4.512364458291131,9.151300398306855,0.49308450841871554
2024-03-14,1271.5,1273.0,1252.7,1261.2,11681,1266.9451473903491,1250.4656203657933,21.034379634206744,9.79893358074919,2.1465988580155813
2024-03-15,1256.8,1266.5,1242.1,1260.0,11995,1252.7706738918994,1266.9451473903491,-10.145147390349166,10.126446431660883,-1.001846744444311
2024-03-18,1258.0,1259.2,1218.9,1237.0,12511,1236.4018197319692,1252.7706738918994,5.229326108100622,10.132477355259057,0.5160955139353404
2024-03-19,1231.6,1235.3,1224.4,1230.1,11365,1230.5077430708316,1236.4018197319692,-4.801819731969317,10.152709662204355,-0.47295942578217554
2024-03-20,1232.7,1262.0,1228.0,1259.7,11298,1242.955511299935,1230.5077430708316,2.1922569291684795,10.086027526762752,0.21735583443049697
2024-03-21,1261.1,1275.7,1261.1,1275.2,10188,1268.0814160450202,1242.955511299935,18.144488700064812,10.797292631118186,1.6804665132231151
2024-03-22,1285.6,1294.0,1275.7,1283.8,11117,1285.4003538124796,1268.0814160450202,17.518583954979704,11.35703380295445,1.542531638007661
2024-03-25,1281.2,1287.6,1267.5,1271.2,11206,1280.2441549170087,1285.4003538124796,-4.200353812479534,10.30257628553818,-0.40769936529134065
2024-03-26,1267.7,1290.3,1267.7,1287.5,10014,1276.9181379402169,1280.2441549170087,-12.544154917008655,10.89198295233547,-1.1516869767335547
2024-03-27,1286.5,1289.4,1279.7,1285.0,9786,1284.7633728455617,1276.9181379402169,9.581862059783134,10.979142598173441,0.8727331824050845
2024-03-28,1298.0,1305.8,1295.0,1305.0,10902,1298.9929187305083,1284.7633728455617,13.236627154438338,10.688226538792698,1.2384306326588674
2024-03-29,1306.7,1306.7,1295.9,1298.6,10066,1299.2748923769786,1298.9929187305083,7.7070812694917095,10.739465999728159,0.7176410139653865
2024-04-01,1293.0,1299.4,1283.2,1292.5,11103,1291.5753009697078,1299.2748923769786,-6.2748923769786416,10.877171575241455,-0.5768864022758922
2024-04-02,1282.4,1291.9,1274.3,1289.4,11066,1281.1723447195614,1291.5753009697078,-9.175300969707678,11.147628541155783,-0.8230720045822756
2024-04-03,1284.6,1288.0,1269.4,1272.2,10602,1282.005684462051,1281.1723447195614,3.4276552804385574,10.97662666565997,0.31226854887593736
2024-04-04,1275.6,1280.3,1267.0,1268.9,10486,1274.7604742831713,1282.005684462051,-6.405684462051113,10.988960964345907,-0.5829199396407535
2024-04-05,1253.2,1264.8,1252.0,1257.2,9952,1257.6392651393355,1274.7604742831713,-21.56047428317129,12.087644138186535,-1.783678774514777
2024-04-08,1255.1,1259.4,1247.2,1252.2,10860,1253.135475751995,1257.6392651393355,-2.539265139335612,11.926138280024777,-0.21291595650778725
2024-04-09,1258.0,1264.3,1254.2,1263.3,9755,1258.1236664958142,1253.135475751995,4.864524248004955,11.204747211357551,0.4341485047582413
2024-04-10,1264.8,1272.9,1259.7,1260.0,10081,1268.4216215322554,1258.1236664958142,6.676333504185777,11.245840462537027,0.5936713691098919
2024-04-11,1251.1,1264.8,1251.1,1261.5,9539,1257.73384002516,1268.4216215322554,-17.32162153225545,11.025217084000987,-1.571091199409702
2024-04-12,1265.7,1283.9,1260.1,1282.3,11883,1267.215705910404,1257.73384002516,7.966159974840139,10.918985446775965,0.7295696119086135
2024-04-15,1281.7,1286.7,1232.6,1236.5,13077,1274.5578241696617,1267.215705910404,14.484294089596006,11.31505463732103,1.2800905124948943
2024-04-16,1234.5,1237.3,1213.2,1228.4,12169,1228.7227518010245,1274.5578241696617,-40.05782416966167,14.556523825684222,-2.7518811942575017
2024-04-17,1233.6,1233.9,1206.8,1214.6,11845,1226.1428253834247,1228.7227518010245,4.877248198975394,14.597062647386277,0.33412531800353035
2024-04-19,1201.4,1211.1,1192.3,1198.4,12617,1199.337969934744,1226.1428253834247,-24.742825383424588,14.849601735248937,-1.6662282143696698
2024-04-22,1201.0,1215.3,1200.4,1206.6,12404,1207.7977372890466,1199.337969934744,1.6620300652559763,14.117184539443869,0.11773098670008958
2024-04-23,1209.3,1212.2,1188.7,1190.3,11476,1205.9323922388753,1207.7977372890466,1.502262710953346,14.160178247418823,0.10609066388180421
2024-04-24,1208.0,1234.5,1207.1,1230.8,10146,1221.7142420658388,1205.9323922388753,2.067607761124691,14.030776038208243,0.1473623237584461
2024-04-25,1226.8,1230.4,1222.1,1228.0,10423,1226.7599987207777,1221.7142420658388,5.085757934161165,13.861991867143836,0.3668850756012635
2024-04-26,1221.9,1241.0,1220.7,1232.3,11435,1230.4516950881796,1226.7599987207777,-4.859998720777639,13.346229685319154,-0.3641476907986707
2024-05-02,1230.0,1242.3,1230.0,1239.7,11240,1236.3009875444839,1230.4516950881796,-0.4516950881795765,13.10392710086501,-0.03447020764864904
2024-05-03,1249.7,1254.9,1246.6,1248.9,10725,1250.6376752136753,1236.3009875444839,13.399012455516186,13.654127383717105,0.9813159112236531
2024-05-06,1256.2,1275.5,1256.2,1273.1,10045,1262.8135457109672,1250.6376752136753,5.56232478632478,13.704036434646115,0.40588952115321913
2024-05-07,1272.4,1277.5,1266.2,1276.3,10664,1269.8589803700925,1262.8135457109672,9.586454289032872,13.907629839883116,0.6892946101816468
2024-05-08,1273.3,1274.8,1261.3,1272.4,10641,1268.9775146446136,1269.8589803700925,3.441019629907487,13.91812558812506,0.24723297746669018
2024-05-09,1278.4,1281.9,1267.5,1273.9,9762,1275.9931468961279,1268.9775146446136,9.42248535538647,13.27950999136266,0.7095506808244506
2024-05-10,1275.0,1280.3,1259.3,1269.2,9805,1271.6447356790752,1275.9931468961279,-0.9931468961278824,13.268254067497486,-0.07485136258889856
2024-05-13,1272.5,1274.6,1262.1,1265.0,10574,1269.961115314293,1271.6447356790752,0.855264320924789,13.222825356372384,0.06468090577273014
2024-05-14,1270.0,1279.1,1270.0,1276.0,10392,1274.2469976905313,1269.961115314293,0.03888468570698933,13.12695872619158,0.0029622006527227525
2024-05-15,1277.5,1293.4,1277.5,1285.3,11430,1283.8103353747447,1274.2469976905313,3.253002309468684,12.525429368795946,0.25971184010447945
2024-05-16,1295.1,1311.0,1294.2,1309.1,10992,1304.0571112324114,1283.8103353747447,11.289664625255227,12.649661724857005,0.8924874728523896
2024-05-17,1307.0,1308.2,1301.9,1307.2,10202,1304.273603215056,1304.0571112324114,2.942888767588556,12.248027685380235,0.24027450322481822
2024-05-20,1314.9,1319.8,1310.2,1313.4,9903,1315.2352418459052,1304.273603215056,10.626396784944063,7.981717219590613,1.3313421777035968
2024-05-21,1308.3,1309.6,1297.2,1305.6,9704,1305.5716096455071,1315.2352418459052,-6.935241845905239,8.246964654144655,-0.8409447762601738
2024-05-22,1310.8,1312.3,1288.1,1292.2,11206,1301.205455410792,1305.5716096455071,5.228390354492831,5.303016403275724,0.9859276224873081
2024-05-23,1289.7,1295.7,1283.2,1295.0,12125,1289.2945429553265,1301.205455410792,-11.50545541079191,6.287079848378715,-1.8300157924284812
2024-05-24,1294.1,1303.6,1271.4,1279.8,12366,1291.3825597067228,1289.2945429553265,4.805457044673403,6.289664423944824,0.764024393158238
2024-05-27,1279.7,1281.9,1272.6,1278.4,11143,1278.581031439768,1291.3825597067228,-11.682559706722714,7.111235791585872,-1.6428311546842118
2024-05-28,1279.8,1292.1,1279.8,1292.0,8981,1283.9122629254352,1278.581031439768,1.2189685602320424,7.088487858317702,0.17196454090017133
2024-05-29,1291.9,1292.3,1275.8,1276.7,9806,1285.6582602488272,1283.9122629254352,7.987737074564848,6.990564342779367,1.1426455265826245
2024-05-30,1268.8,1271.0,1256.5,1270.1,11451,1264.718461269758,1285.6582602488272,-16.858260248827264,8.253660885632007,-2.0425191296839156
2024-05-31,1270.8,1275.1,1266.9,1268.2,11056,1271.522295586107,1264.718461269758,6.081538730241846,7.87939145872599,0.771828479660936
2024-06-03,1283.0,1298.4,1280.7,1293.6,11352,1291.1269409208362,1271.522295586107,11.47770441389298,8.138056660819023,1.4103741092333277
2024-06-04,1292.5,1302.5,1291.4,1293.5,10378,1296.6402903578082,1291.1269409208362,1.373059079163795,7.940661798168942,0.17291494261604395
2024-06-05,1302.0,1309.5,1297.1,1297.9,9421,1304.777479390015,1296.6402903578082,5.359709642191774,7.9755450978522715,0.6720179719922951
2024-06-06,1296.3,1306.2,1292.1,1294.9,10903,1300.9800177321226,1304.777479390015,-8.477479390015105,8.06707654361132,-1.0508738009593825
2024-06-07,1306.4,1308.5,1298.2,1308.1,10024,1303.4822758712423,1300.9800177321226,5.419982267877458,8.119157708711947,0.6675547467272075
2024-06-10,1314.0,1314.0,1305.2,1309.0,11159,1309.9813573498222,1303.4822758712423,10.517724128757663,8.38537701196149,1.2542935295281827
2024-06-11,1314.5,1315.3,1300.4,1307.7,11108,1307.3330782619134,1309.9813573498222,4.518642650177753,8.401070624607371,0.537865095068039
2024-06-12,1302.6,1332.0,1301.4,1328.4,10668,1308.174359455068,1307.3330782619134,-4.733078261913533,8.518942945584614,-0.5555945487775215
2024-06-13,1330.7,1338.6,1324.9,1337.0,10794,1329.6016861219196,1308.174359455068,22.525640544932003,9.515398629118089,2.367282908779171
2024-06-14,1333.6,1335.9,1326.1,1327.0,10279,1332.3211661315952,1329.6016861219196,3.998313878080353,9.523857458048376,0.4198208442002119
2024-06-17,1315.1,1315.8,1305.3,1309.5,12381,1311.435869477425,1332.3211661315952,-17.221166131595282,10.214219239581274,-1.6859992651089066
2024-06-18,1312.3,1322.2,1309.3,1310.0,10456,1315.0408792399899,1311.435869477425,0.8641305225748965,10.056854073518117,0.08592453626729456
2024-06-19,1310.4,1325.0,1299.2,1315.1,12515,1306.111697962445,1315.0408792399899,-4.640879239989772,10.08287584247454,-0.46027336967096955
2024-06-20,1317.8,1327.8,1316.7,1323.6,11436,1321.6938061093622,1306.111697962445,11.688302037554877,9.956179282887408,1.1739746448363606
2024-06-21,1321.8,1323.0,1311.7,1317.8,11491,1317.4796391378761,1321.6938061093622,0.10619389063776907,9.934739251201137,0.01068914723906115
2024-06-24,1313.9,1317.3,1286.0,1287.8,12730,1301.45592039801,1317.4796391378761,-3.579639137876029,9.526714074852636,-0.37574751480419555
2024-06-25,1293.7,1293.9,1280.1,1286.5,10638,1289.4332643980697,1301.45592039801,-7.755920398009948,9.76788042063143,-0.794022865147706
2024-06-26,1288.7,1291.8,1275.0,1289.2,11168,1285.2847659980896,1289.4332643980697,-0.7332643980696503,9.653842558704694,-0.07595570298673238
2024-06-27,1285.1,1291.7,1280.8,1290.0,10968,1284.963922319475,1285.2847659980896,-0.18476599808968786,8.704014229026102,-0.021227676475244164
2024-06-28,1291.0,1292.8,1272.5,1278.0,10610,1287.3843543826579,1284.963922319475,6.036077680525068,8.70285142750679,0.6935747129322528
2024-07-01,1277.7,1285.6,1271.7,1284.8,11300,1276.2473303834809,1287.3843543826579,-9.68435438265783,8.754178553379075,-1.106255067063912
2024-07-02,1284.4,1299.0,1283.6,1296.6,10935,1291.6784697454657,1276.2473303834809,8.152669616519233,8.908662413176579,0.9151395841940115
2024-07-03,1297.3,1309.5,1294.5,1306.0,9642,1299.7440607066305,1291.6784697454657,5.621530254534264,8.915427509686463,0.6305396178059398
2024-07-04,1306.3,1313.1,1303.5,1307.9,10471,1308.724041002133,1299.7440607066305,6.55593929336942,8.694498042546144,0.7540330978612243
2024-07-05,1308.7,1316.2,1307.5,1316.2,9733,1310.4320798657488,1308.724041002133,-0.024041002132889844,8.66278797849903,-0.002775203801889117
2024-07-08,1317.3,1317.9,1305.6,1312.0,11280,1310.7352334515367,1310.4320798657488,6.867920134251108,8.502022610183307,0.8077983850601678
2024-07-09,1316.2,1321.9,1304.5,1319.5,10284,1312.4431738623105,1310.7352334515367,5.464766548463331,8.522784420000862,0.6411949756277864
2024-07-10,1319.5,1321.9,1309.7,1309.7,9955,1317.5980143981249,1312.4431738623105,7.056826137689541,8.479053900264764,0.8322657481242319
2024-07-11,1315.6,1317.8,1306.0,1306.7,9804,1313.821222630219,1317.5980143981249,-1.9980143981249512,7.008780523272755,-0.2850730439468772
2024-07-12,1305.6,1310.0,1298.2,1299.2,10296,1305.808096995597,1313.821222630219,-8.221222630219017,7.246582471338482,-1.134496524773631
2024-07-15,1302.4,1305.6,1292.8,1296.4,8239,1301.2573532386618,1305.808096995597,-3.4080969955969067,6.05768279646819,-0.5626073715157105
2024-07-16,1301.8,1308.7,1299.2,1301.8,9563,1304.6532817456168,1301.2573532386618,0.5426467613381192,6.058235212384586,0.08957175519181065
2024-07-17,1307.9,1321.8,1294.7,1296.9,9641,1307.0154167963212,1304.6532817456168,3.2467182543832678,5.934490690620282,0.5470929897176932
2024-07-18,1303.1,1305.0,1287.9,1297.7,9533,1298.4471415084442,1307.0154167963212,-3.915416796321324,5.505335673864344,-0.7112040079425324
2024-07-19,1304.6,1311.2,1295.3,1302.2,9909,1304.265169711037,1298.4471415084442,6.152858491555662,5.6463714461435135,1.0897013330141574
2024-07-22,1293.0,1304.4,1291.7,1299.0,11946,1296.6400329259445,1304.265169711037,-11.26516971103706,6.195630503408769,-1.818244277937344
2024-07-23,1301.8,1303.7,1280.1,1287.5,9674,1299.204486251809,1296.6400329259445,5.15996707405543,5.966892997314313,0.8647661482077726
2024-07-24,1283.3,1287.3,1273.4,1284.2,10618,1281.0338638789476,1299.204486251809,-15.904486251808976,7.070626100923821,-2.249374528477889
2024-07-25,1276.9,1278.9,1270.7,1274.2,10751,1274.3874647319628,1281.0338638789476,-4.133863878947523,7.1400477447521,-0.5789686605367439
2024-07-26,1278.7,1283.5,1276.8,1283.5,9646,1279.0236194622987,1274.3874647319628,4.312535268037209,7.074928032104925,0.6095518213708455
2024-07-29,1290.0,1294.7,1288.4,1289.4,9194,1292.2031216010441,1279.0236194622987,10.976380537701289,7.090359321679458,1.5480711258370146
2024-07-30,1286.0,1292.4,1284.2,1291.8,8726,1287.2373405149362,1292.2031216010441,-6.203121601044131,7.061352604056465,-0.8784608203080931
2024-07-31,1291.6,1302.7,1291.1,1297.7,10614,1298.0039570378744,1287.2373405149362,4.362659485063659,7.017309268899177,0.6216997595358998
2024-08-01,1305.5,1306.2,1271.0,1277.3,10435,1296.5943970611722,1298.0039570378744,7.496042962125557,7.064541577755623,1.0610798846068963
2024-08-02,1266.2,1277.5,1256.3,1276.3,11696,1264.0663788189695,1296.5943970611722,-30.394397061172185,9.856573845811532,-3.083667564068221
2024-08-05,1256.8,1262.8,1227.3,1232.8,13998,1250.5668190693907,1264.0663788189695,-7.266378818969542,9.754583212007784,-0.7449194559153189
2024-08-06,1244.0,1255.5,1237.2,1252.5,8991,1245.3958847736626,1250.5668190693907,-6.566819069390704,9.64709150036202,-0.6807045490492419
2024-08-07,1252.5,1255.5,1245.7,1250.4,10017,1250.6168313866428,1245.3958847736626,7.104115226337399,9.649562208097914,0.7362111433797095
2024-08-08,1248.4,1251.1,1237.4,1241.9,9802,1245.6289056655105,1250.6168313866428,-2.2168313866427525,9.649091720918861,-0.22974508386491416
2024-08-09,1248.4,1266.2,1247.7,1263.4,10080,1253.6092724867724,1245.6289056655105,2.7710943344895895,9.619500217811174,0.28807051008312423
2024-08-12,1262.8,1270.4,1258.7,1269.9,11134,1263.1625711035267,1253.6092724867724,9.190727513227557,9.92710956001602,0.925821102070392
2024-08-13,1269.2,1270.0,1262.7,1267.9,9527,1267.1118505300724,1263.1625711035267,6.03742889647333,10.056781119438599,0.6003341252802724
2024-08-14,1271.0,1273.6,1268.2,1271.5,9813,1270.9551037739054,1267.1118505300724,3.888149469927612,10.07222505381127,0.3860268658767071
2024-08-15,1268.7,1269.7,1263.4,1268.0,7856,1268.0340588934148,1270.9551037739054,-2.2551037739053754,10.053936793107749,-0.22430057203575332
2024-08-16,1271.5,1289.9,1268.2,1288.3,10380,1278.227761721259,1268.0340588934148,3.4659411065852055,9.971818864169789,0.34757361257722413
2024-08-19,1288.9,1300.6,1288.3,1298.1,11374,1295.8602221440713,1278.227761721259,10.672238278741133,9.998085781218489,1.0674281569767132
2024-08-20,1300.8,1308.8,1298.3,1302.4,10754,1303.2080838137747,1295.8602221440713,4.939777855928696,9.992253091093241,0.49436076237218696
2024-08-21,1301.2,1314.5,1297.4,1313.5,10309,1302.6761664564942,1303.2080838137747,-2.008083813774647,9.285239752627735,-0.21626623192000577
2024-08-22,1312.5,1316.7,1310.3,1313.4,10510,1313.6325531240088,1302.6761664564942,9.82383354350577,9.425593216609446,1.042250956278758
2024-08-23,1311.8,1318.7,1310.1,1317.5,10363,1313.3556852906172,1313.6325531240088,-1.8325531240088822,9.426035548086725,-0.1944139839766305
2024-08-26,1320.4,1323.1,1316.2,1316.9,10971,1319.977501291283,1313.3556852906172,7.044314709382888,9.248515801608583,0.7616697490161264
2024-08-27,1316.5,1323.7,1315.2,1322.2,8774,1317.8906276118837,1319.977501291283,-3.4775012912830334,9.15793622360662,-0.3797254322779623
2024-08-28,1320.9,1324.6,1317.0,1321.8,9685,1321.5474066425743,1317.8906276118837,3.0093723881163896,9.137061675865397,0.32935887869350117
2024-08-29,1320.6,1330.1,1320.6,1327.3,9827,1327.1289474576845,1321.5474066425743,-0.9474066425743786,9.013954281609632,-0.10510444284228154
2024-08-30,1328.4,1334.9,1328.0,1332.3,7961,1331.3799648285392,1327.1289474576845,1.2710525423156014,5.3146396262140625,0.23916062644139213
2024-09-04,1320.4,1321.5,1307.3,1312.7,10665,1312.255961869042,1331.3799648285392,-10.979964828539096,5.71042348006093,-1.922793443757334
2024-09-05,1316.4,1318.6,1305.2,1307.0,8194,1314.9052802863885,1312.255961869042,4.144038130958052,5.361569823612463,0.772915072878026
2024-09-06,1307.1,1311.2,1305.6,1309.1,9326,1308.6972549860604,1314.9052802863885,-7.805280286388552,5.7102806086623605,-1.366882088867599
2024-09-09,1299.2,1308.9,1298.6,1306.5,8841,1303.8408136334501,1308.6972549860604,-9.497254986060398,6.18768215760721,-1.5348647109134976
2024-09-10,1310.9,1313.6,1289.4,1293.2,10250,1305.8830959349593,1303.8408136334501,7.059186366549966,6.311733773706661,1.1184227059697975
2024-09-11,1293.7,1297.3,1286.6,1292.1,11698,1290.948492619821,1305.8830959349593,-12.183095934959283,6.750768997408318,-1.8046975003346264
2024-09-12,1300.3,1303.1,1297.9,1299.6,9237,1300.1782505142362,1290.948492619821,9.351507380178873,6.931618435295237,1.3491087929136085
2024-09-13,1299.8,1300.1,1291.4,1295.2,10528,1295.6622783687944,1300.1782505142362,-0.37825051423624245,6.893369787868457,-0.054871641283762276
2024-09-16,1296.9,1297.4,1282.7,1284.0,10403,1291.8923964241085,1295.6622783687944,1.237721631205659,6.864859992496593,0.1802981608595819
2024-09-17,1282.9,1301.1,1282.3,1300.4,10163,1286.0875102495982,1291.8923964241085,-8.992396424108392,7.154582244220426,-1.2568723256165766
2024-09-18,1305.1,1318.5,1303.2,1311.2,10961,1310.4785451449077,1286.0875102495982,19.012489750401755,8.00097574179632,2.376271390385844
2024-09-19,1314.1,1320.0,1312.6,1316.8,8098,1315.5701448917428,1310.4785451449077,3.6214548550922245,7.9673091255425526,0.45453926765338265
2024-09-20,1329.1,1338.3,1327.7,1332.2,9157,1334.3645116668486,1315.5701448917428,13.529855108257152,8.464861406160134,1.5983551837495025
2024-09-23,1331.3,1332.4,1324.8,1326.0,8337,1328.5343928671386,1334.3645116668486,-3.0645116668486025,8.257880691928223,-0.37110147036200836
2024-09-24,1325.9,1335.1,1322.2,1335.0,8490,1326.754138201806,1328.5343928671386,-2.6343928671385584,8.271767420448212,-0.31848004582747463
2024-09-25,1337.3,1349.9,1337.1,1344.2,10420,1343.4856046065258,1326.754138201806,10.545861798193982,8.453391124319936,1.2475303275456078
2024-09-26,1345.6,1366.5,1345.3,1358.7,10656,1355.3680430430431,1343.4856046065258,2.1143953934740694,8.402319839045118,0.2516442403975852
2024-09-27,1358.1,1363.5,1350.9,1355.6,11578,1357.82956757068,1355.3680430430431,2.7319569569567648,8.398918655030888,0.32527484419918073
2024-09-30,1352.1,1356.3,1349.9,1355.7,9820,1353.5040291921248,1357.82956757068,-5.729567570680047,8.521660197306078,-0.6723534426415306
2024-10-01,1361.5,1374.4,1361.2,1364.5,9915,1368.2309631870903,1353.5040291921248,7.99597080787521,8.67796031414389,0.9214113130758238
2024-10-02,1354.0,1361.3,1351.8,1358.1,8956,1356.7016339139498,1368.2309631870903,-14.23096318709031,8.940720151811496,-1.591702116323029
2024-10-03,1360.2,1376.7,1350.1,1355.5,10292,1365.8179038735589,1356.7016339139498,3.4983660860502823,8.92932576036777,0.3917839017115438
2024-10-04,1351.7,1352.4,1343.5,1344.8,10099,1349.0650724494174,1365.8179038735589,-14.117903873558816,9.351443493368043,-1.5097031686681424
2024-10-07,1347.6,1349.4,1332.0,1335.0,10830,1342.6804185903354,1349.0650724494174,-1.4650724494174483,9.067974563925087,-0.16156556671937655
2024-10-08,1340.0,1349.3,1336.7,1340.4,10421,1341.3980935930654,1342.6804185903354,-2.680418590335421,8.980625532330045,-0.29846680286200283
2024-10-09,1344.2,1358.2,1342.4,1354.8,9335,1349.1442492412068,1341.3980935930654,2.801906406934677,8.486348588188328,0.33016631096611954
2024-10-10,1362.8,1373.4,1362.8,1365.9,10009,1368.4043261065042,1349.1442492412068,13.655750758793147,8.755398879777669,1.5596948747056874
2024-10-11,1365.9,1368.0,1358.5,1364.4,10045,1364.2644798407166,1368.4043261065042,-2.504326106504095,8.790611929006257,-0.28488643643118927
2024-10-14,1375.6,1376.8,1358.6,1361.2,11046,1367.6188484519284,1364.2644798407166,11.335520159283305,9.074290536953475,1.2491907894199954
2024-10-15,1361.1,1369.6,1354.9,1358.7,10687,1362.8990642837093,1367.6188484519284,-6.518848451928534,8.935665397147812,-0.7295313960624907
2024-10-16,1355.1,1359.4,1352.3,1356.5,10057,1355.2789532995262,1362.8990642837093,-7.799064283709413,8.214534682120513,-0.9494225279351002
2024-10-17,1358.1,1361.0,1347.4,1358.5,8771,1354.096572036636,1355.2789532995262,2.821046700473744,8.200743507406703,0.34399889448143894
2024-10-18,1374.5,1377.9,1363.8,1368.2,11028,1371.5630546487728,1354.096572036636,20.403427963364038,8.88997787354295,2.2951044708542785
2024-10-21,1364.2,1369.9,1362.5,1364.0,10579,1365.675526987428,1371.5630546487728,-7.3630546487727315,9.04048735633828,-0.8144532875885832
2024-10-22,1359.9,1363.3,1350.0,1353.4,10223,1360.301793341811,1365.675526987428,-5.775526987427838,9.12728949016588,-0.6327756990342676
2024-10-23,1352.9,1355.4,1345.1,1352.6,10216,1350.6074882537196,1360.301793341811,-7.401793341810844,8.967046185873501,-0.8254438739784207
2024-10-24,1352.5,1354.1,1336.1,1337.0,9706,1349.0822309224534,1350.6074882537196,1.8925117462804337,8.963893449308232,0.2111260867816857
2024-10-25,1338.4,1339.7,1327.0,1329.0,11924,1335.7535334898803,1349.0822309224534,-10.6822309224533,9.213807367366794,-1.1593720702570067
2024-10-28,1328.1,1332.3,1327.2,1331.1,8945,1329.5368697596423,1335.7535334898803,-7.653533489880374,9.274604871581623,-0.8252139682340124
2024-10-29,1334.9,1341.0,1334.6,1338.2,9744,1337.509951423098,1329.5368697596423,5.363130240357805,9.155284858882048,0.5857961082614197
2024-10-30,1341.3,1342.7,1331.5,1336.3,10395,1337.0810549943883,1337.509951423098,3.7900485769018815,8.692965518048483,0.4359902922694123
2024-10-31,1339.2,1347.8,1333.7,1342.8,9318,1338.7696680260426,1337.0810549943883,2.1189450056117494,8.665669835909037,0.24452177912793396
2024-11-01,1340.4,1340.4,1326.6,1328.8,9873,1335.9432256321957,1338.7696680260426,1.6303319739574818,8.056139309449545,0.20237137310239464
2024-11-04,1332.7,1332.7,1317.1,1320.0,11812,1323.469189524777,1335.9432256321957,-3.2432256321956174,8.086380850415214,-0.40107258020491166
2024-11-05,1319.3,1323.9,1317.4,1320.3,9685,1319.670321803476,1323.469189524777,-4.169189524777039,8.12116179575318,-0.5133735332002921
2024-11-06,1324.6,1340.3,1324.1,1339.3,10018,1329.1314966393825,1319.670321803476,4.92967819652381,8.17171598086709,0.6032610785869149
2024-11-07,1341.8,1343.5,1333.8,1334.1,10190,1338.4886228328426,1329.1314966393825,12.668503360617478,8.088983463253289,1.5661428185838278
2024-11-08,1337.6,1340.3,1318.3,1323.8,10750,1331.3412527131784,1338.4886228328426,-0.8886228328426569,8.068679153991894,-0.11013237927585955
2024-11-11,1323.6,1323.6,1306.1,1317.7,12288,1313.4620903862847,1331.3412527131784,-7.741252713178483,7.815696422883752,-0.9904751021946933
2024-11-12,1321.0,1323.5,1302.7,1309.1,10383,1314.824899675752,1313.4620903862847,7.537909613715328,7.89472068325049,0.9548038386852399
2024-11-13,1305.7,1313.1,1298.2,1313.0,12030,1304.8207342754226,1314.824899675752,-9.124899675751976,7.969066028093339,-1.1450400390188735
2024-11-14,1306.4,1309.9,1293.1,1295.0,11308,1303.4924684589082,1304.8207342754226,1.5792657245774535,7.950381267647235,0.1986402502486283
2024-11-15,1292.2,1292.4,1277.5,1280.0,11713,1284.2040467856227,1303.4924684589082,-11.29246845890816,6.708993477303427,-1.6831836991809073
2024-11-18,1271.8,1280.3,1261.8,1275.0,11558,1268.9609361481225,1284.2040467856227,-12.404046785622768,7.020740342444877,-1.7667719044717196
2024-11-19,1272.5,1274.8,1262.8,1263.0,12377,1267.359696749347,1268.9609361481225,3.539063851877472,7.061973064653487,0.501143776601352
2024-11-20,1260.8,1279.8,1253.5,1267.4,10461,1265.4244973393238,1267.359696749347,-6.55969674934704,7.027217692725271,-0.9334699786144068
2024-11-21,1267.6,1283.4,1264.6,1281.0,9251,1271.1243829495909,1265.4244973393238,2.175502660676102,7.034552501716887,0.30925956699379786
2024-11-22,1294.0,1301.8,1291.3,1294.5,8200,1295.8397967479675,1271.1243829495909,22.87561705040912,8.548576891764533,2.6759561667447676
2024-11-25,1298.6,1300.9,1294.3,1297.0,11077,1297.4039210375854,1295.8397967479675,2.7602032520323974,8.356408416568534,0.3303097592213957
2024-11-26,1296.3,1311.8,1296.1,1309.3,10862,1307.1679095317008,1297.4039210375854,-1.103921037585451,8.294509626549575,-0.13309057283530695
2024-11-27,1307.0,1309.0,1304.2,1307.4,8958,1306.8636265535463,1307.1679095317008,-0.16790953170084322,8.25785844709137,-0.020333302244964643
2024-11-28,1310.0,1318.7,1305.2,1307.9,9971,1312.5877210577341,1306.8636265535463,3.1363734464537174,8.27305883472107,0.37910687076111693
2024-11-29,1305.5,1318.5,1304.4,1317.5,9960,1310.3988453815261,1312.5877210577341,-7.087721057734143,8.427881639960075,-0.8409848833339476
2024-12-02,1322.6,1323.6,1309.3,1312.0,9613,1316.0637192690454,1310.3988453815261,12.201154618473765,8.825691414152358,1.3824587837853377
2024-12-03,1315.1,1318.3,1305.4,1313.6,9936,1312.6259963768116,1316.0637192690454,-0.9637192690454413,8.762579651411462,-0.10998122783285706
2024-12-04,1312.8,1312.8,1302.8,1305.4,10345,1307.3757112937008,1312.6259963768116,0.17400362318835505,8.709078351371952,0.019979568005717166
2024-12-05,1303.9,1345.3,1302.2,1341.6,11304,1313.071956829441,1307.3757112937008,-3.4757112937006696,8.265130223473156,-0.4205271060133537
2024-12-06,1343.0,1348.9,1340.8,1341.5,10694,1344.1318434012842,1313.071956829441,29.92804317055902,10.662864962066331,2.8067544020326163
2024-12-09,1341.9,1351.3,1336.0,1341.5,9910,1340.478153380424,1344.1318434012842,-2.2318434012840953,10.48672572213349,-0.21282557210145417
2024-12-10,1339.6,1345.5,1337.0,1341.0,9990,1341.3135535535537,1340.478153380424,-0.8781533804240098,10.403372519384959,-0.08441045235933989
2024-12-11,1342.0,1347.7,1333.2,1339.0,10262,1343.1712336776457,1341.3135535535537,0.6864464464463254,10.120650033385422,0.06782631986897235
2024-12-12,1341.4,1351.4,1337.1,1340.2,10272,1344.963048416407,1343.1712336776457,-1.7712336776455686,10.14947609586305,-0.17451478883402932
2024-12-13,1335.9,1339.1,1330.1,1336.0,9235,1335.1181447392166,1344.963048416407,-9.0630484164069,10.013176107099333,-0.9051122560384418
2024-12-16,1332.9,1338.3,1327.6,1336.0,10501,1334.0709043583151,1335.1181447392166,-2.218144739216541,9.510444052532876,-0.23323251017136176
2024-12-17,1336.0,1336.3,1326.5,1329.6,9030,1331.407438169066,1334.0709043583151,1.929095641684853,9.504414164058147,0.20296839009603695
2024-12-18,1329.1,1335.0,1328.9,1333.1,9318,1331.253244616155,1331.407438169066,-2.3074381690660175,9.348736382531952,-0.2468181874694263
2024-12-19,1316.2,1322.0,1311.7,1312.5,4753,1318.367192650256,1331.253244616155,-15.05324461615487,10.116272750833705,-1.4880228110609512
2024-12-20,1316.1,1320.8,1314.5,1320.1,8595,1317.4539499709133,1318.367192650256,-2.2671926502559927,8.776439007715425,-0.25832716985361476
2024-12-23,1325.8,1331.2,1325.8,1329.6,8773,1328.5983320034954,1317.4539499709133,8.346050029086655,8.952288931350465,0.9322811286685809
2024-12-24,1326.4,1328.4,1321.7,1326.8,9098,1324.4162013629368,1328.5983320034954,-2.198332003495352,8.965240307375536,-0.24520614374238528
2024-12-25,1333.5,1355.6,1332.0,1351.1,10487,1345.1107498172341,1324.4162013629368,9.083798637063182,9.174127891598248,0.9901539137450013
2024-12-26,1351.0,1351.1,1347.2,1348.6,10114,1349.385439325028,1345.1107498172341,5.889250182765863,9.23152271877808,0.6379500286324797
2024-12-27,1352.4,1357.5,1351.8,1355.3,8607,1353.6947329692885,1349.385439325028,3.0145606749720173,9.043854126463646,0.3333269901104408
2024-12-30,1346.0,1347.3,1342.0,1344.6,7580,1345.4490853122252,1353.6947329692885,-7.694732969288452,8.8909524138969,-0.8654565462819584
2024-12-31,1344.5,1352.0,1344.5,1345.7,6333,1348.2062266435075,1345.4490853122252,-0.9490853122251792,8.89083085700435,-0.1067487760693899
2025-01-02,1347.5,1351.2,1336.7,1343.4,4479,1342.5700677234502,1348.2062266435075,-0.7062266435075344,8.89443211236587,-0.0794009819385402
2025-01-03,1345.6,1345.6,1325.4,1326.1,9881,1335.568876294572,1342.5700677234502,3.0299322765497436,8.86401914426094,0.3418237514199742
2025-01-06,1324.2,1331.0,1319.8,1321.2,7759,1326.4700476865576,1335.568876294572,-11.368876294571919,6.07540813576866,-1.8712942473178438
2025-01-07,1320.7,1328.0,1315.8,1319.8,8895,1323.400933108488,1326.4700476865576,-5.770047686557518,6.153862358925332,-0.937630279979996
2025-01-08,1318.7,1322.5,1311.2,1320.4,8389,1316.8925418206381,1323.400933108488,-4.700933108488016,6.192342852476624,-0.7591525890088402
2025-01-09,1323.2,1324.9,1310.4,1311.9,10211,1317.490418829367,1316.8925418206381,6.307458179361902,6.429585459544475,0.9810054192527639
2025-01-10,1316.7,1317.2,1294.2,1296.2,10408,1311.0217557007431,1317.490418829367,-0.7904188293668994,6.430533373040285,-0.12291652706145557
2025-01-13,1287.6,1298.7,1287.6,1298.0,9543,1291.412836634182,1311.0217557007431,-23.421755700743233,7.954958711811256,-2.944296325003849
2025-01-14,1299.8,1300.4,1285.5,1290.3,9432,1293.0959216850438,1291.412836634182,8.387163365817969,8.29243784166801,1.0114231213979055
2025-01-15,1293.7,1302.4,1292.7,1297.1,8491,1296.6212970596318,1293.0959216850438,0.6040783149562685,8.268335973214914,0.07305923669685974
2025-01-16,1303.9,1309.7,1295.2,1295.6,7086,1302.9682190234266,1296.6212970596318,7.278702940368248,8.50145800452903,0.856171133997324
2025-01-17,1308.7,1319.4,1307.7,1318.9,10411,1311.2383152434925,1302.9682190234266,5.731780976573418,7.965838016037281,0.7195452587704984
2025-01-20,1319.9,1326.9,1319.2,1324.5,10213,1322.8808479389013,1311.2383152434925,8.661684756507611,8.181970650896123,1.0586306314309437
2025-01-21,1324.7,1333.2,1316.7,1321.3,11192,1325.2099505599238,1322.8808479389013,1.8191520610987482,7.977506537874678,0.22803517019534733
2025-01-22,1327.9,1328.7,1319.0,1321.2,10891,1323.8044042481558,1325.2099505599238,2.6900494400763364,7.977935191361767,0.3371861735589215
2025-01-23,1321.3,1347.6,1321.0,1342.9,12056,1334.7690527538155,1323.8044042481558,-2.504404248155879,7.72748450697969,-0.3240904910121564
2025-01-24,1340.5,1346.4,1337.6,1341.8,11297,1341.3795668466555,1334.7690527538155,5.730947246184542,7.720970878039591,0.7422573322332838
2025-02-03,1331.7,1331.7,1313.7,1315.7,12274,1320.0421405681386,1341.3795668466555,-9.679566846655462,7.95811346313618,-1.216314254815975
2025-02-04,1325.5,1331.0,1320.6,1328.5,10407,1325.120896191666,1320.0421405681386,5.45785943186138,7.907501129805861,0.6902129183755649
2025-02-05,1331.2,1337.8,1329.6,1335.4,10667,1333.9660541858068,1325.120896191666,6.079103808334139,8.028155875902902,0.7572229416447948
2025-02-06,1335.6,1344.9,1335.6,1339.0,10516,1341.0264866235577,1333.9660541858068,1.6339458141931118,8.032198533189307,0.20342448053812343
2025-02-07,1338.5,1347.4,1335.0,1342.9,10340,1340.3528014184396,1341.0264866235577,-2.52648662355773,8.027396937058702,-0.31473298796202964
2025-02-10,1333.4,1337.5,1325.2,1330.0,11097,1332.4123126370491,1340.3528014184396,-6.952801418439549,7.754883022246499,-0.8965707668953855
2025-02-11,1332.5,1334.0,1327.6,1332.4,9651,1330.7874762546196,1332.4123126370491,0.08768736295087365,7.627031887771008,0.011496918361055939
2025-02-12,1337.9,1341.9,1332.8,1333.0,9200,1338.9156594202898,1330.7874762546196,7.112523745380486,7.660852921299379,0.9284245264134519
2025-02-13,1331.3,1338.3,1326.2,1336.5,9732,1332.1154027949033,1338.9156594202898,-7.6156594202898305,7.792806266473725,-0.9772679006603798
2025-02-14,1345.6,1350.4,1340.3,1342.5,9877,1345.8809422564207,1332.1154027949033,13.484597205096634,8.315294958212336,1.6216619221401163
2025-02-17,1341.0,1342.1,1335.7,1336.0,9642,1340.2005185646133,1345.8809422564207,-4.880942256420667,6.202278447223681,-0.786959550099773
2025-02-18,1335.0,1348.3,1331.5,1338.7,9809,1338.56250042478,1340.2005185646133,-5.200518564613276,6.213447743886684,-0.8369779193411558
2025-02-19,1337.8,1347.1,1335.4,1345.1,8980,1341.92711952487,1338.56250042478,-0.7625004247800007,6.229582270239888,-0.12239992855100995
2025-02-20,1345.3,1352.8,1345.3,1349.7,8158,1348.5472828307593,1341.92711952487,3.372880475129932,6.091395078165666,0.5537123157911513
2025-02-21,1344.7,1356.2,1344.7,1351.4,10058,1351.0140021210314,1348.5472828307593,-3.847282830759241,6.083547182650494,-0.6324078231416046
2025-02-24,1350.7,1366.8,1350.5,1365.0,10999,1356.2472861169197,1351.0140021210314,-0.314002121031308,5.781739509431327,-0.05430928192442765
2025-02-25,1366.6,1366.9,1358.0,1361.8,7763,1362.7288677057838,1356.2472861169197,10.352713883080241,6.209722544023756,1.6671781725648442
2025-02-26,1362.8,1363.7,1359.2,1360.3,8913,1361.7910206066047,1362.7288677057838,0.07113229421611322,6.190600130750067,0.011490371323255647
2025-02-27,1363.0,1363.8,1350.8,1362.5,9931,1358.4373611250965,1361.7910206066047,1.2089793933953388,6.152741397313446,0.19649442668323938
2025-02-28,1358.7,1360.9,1347.6,1357.8,8725,1354.7643782234957,1358.4373611250965,0.26263887490358684,6.035006391205262,0.04351923724328231
2025-03-03,1362.6,1365.6,1356.4,1361.2,11313,1360.1982439081883,1354.7643782234957,7.83562177650424,5.765162709414681,1.359132807077316
2025-03-04,1355.7,1369.0,1351.5,1366.6,9390,1357.7856301029465,1360.1982439081883,-4.498243908188215,5.811717088387556,-0.7739956780030116
2025-03-05,1365.7,1374.0,1364.6,1366.5,9460,1369.2697991543341,1357.7856301029465,7.914369897053575,5.913958618916877,1.3382524983752875
2025-03-06,1367.7,1376.9,1367.0,1375.9,9693,1371.7237490972868,1369.2697991543341,-1.5697991543340777,5.934587084164777,-0.2645169970666979
2025-03-07,1374.5,1386.7,1373.3,1384.9,8653,1377.3292075965946,1371.7237490972868,2.7762509027131728,5.902311901764316,0.47036668832822903
2025-03-10,1387.4,1394.5,1385.7,1388.5,10136,1390.5623914759274,1377.3292075965946,10.070792403405449,5.931314142799018,1.6979023806439273
2025-03-11,1379.4,1390.0,1375.9,1389.5,9616,1381.8713463671659,1390.5623914759274,-11.16239147592728,6.597593339704094,-1.6918883752280371
2025-03-12,1394.4,1395.5,1387.2,1390.5,10253,1390.9865372736435,1381.8713463671659,12.52865363283422,6.9533000117733925,1.8018284284613906
2025-03-13,1389.1,1393.2,1384.3,1386.3,10187,1388.4578384215176,1390.9865372736435,-1.8865372736436257,6.670184448343562,-0.2828313502053333
2025-03-14,1383.9,1393.8,1382.2,1384.8,8042,1388.1012103125258,1388.4578384215176,-4.557838421517545,6.209128185006508,-0.7340544897307137
2025-03-17,1387.5,1391.7,1386.1,1389.8,9745,1389.251965110313,1388.1012103125258,-0.6012103125258363,6.072167424652042,-0.09901082603305984
2025-03-18,1394.3,1395.2,1385.9,1387.0,8040,1391.0003150912105,1389.251965110313,5.04803488968696,5.943587334513917,0.8493245923002496
2025-03-19,1385.5,1385.8,1376.7,1378.7,9515,1380.8108180066563,1391.0003150912105,-5.500315091210496,6.134560761037116,-0.8966110705341854
2025-03-20,1379.0,1382.9,1371.5,1376.3,8868,1377.3686738836266,1380.8108180066563,-1.810818006656291,6.155188474562355,-0.2941937544463321
2025-03-21,1375.5,1376.4,1370.2,1373.6,10133,1373.663607355505,1377.3686738836266,-1.8686738836265704,6.086736083217395,-0.30700754198608293
2025-03-24,1376.4,1387.0,1367.7,1386.6,9434,1375.6244329022684,1373.663607355505,2.7363926444950266,6.0846247352759075,0.4497224995044735
2025-03-25,1391.1,1392.2,1384.2,1386.3,10448,1388.787059724349,1375.6244329022684,15.475567097731528,6.571156828264523,2.35507498940924
2025-03-26,1387.9,1393.2,1376.0,1379.1,11374,1386.123172733134,1388.787059724349,-0.887059724349001,6.5865466830072625,-0.13467751266950564
2025-03-27,1374.8,1380.1,1373.9,1375.2,10449,1376.5857849235972,1386.123172733134,-11.323172733134015,7.191601673718808,-1.5744994295935129
2025-03-28,1374.1,1375.9,1365.5,1369.1,10379,1370.1873333975657,1376.5857849235972,-2.4857849235972935,7.231557828726658,-0.34374127711774016
2025-03-31,1357.0,1360.2,1355.8,1358.3,9185,1358.427682816186,1370.1873333975657,-13.18733339756568,7.6713823321663135,-1.7190296124690376
2025-04-01,1362.6,1367.5,1359.4,1367.4,8943,1363.179194155578,1358.427682816186,4.172317183813902,7.663033495788162,0.5444733063097187
2025-04-02,1367.4,1375.0,1367.4,1370.9,8097,1371.4037832942242,1363.179194155578,4.220805844422102,7.510165151414823,0.5620123871213344
2025-04-03,1346.1,1347.0,1275.6,1275.6,12537,1310.559697960703,1371.4037832942242,-25.30378329422433,9.408134849157166,-2.6895642653858416
2025-04-04,1252.3,1272.0,1220.0,1267.7,14447,1241.814152880644,1310.559697960703,-58.25969796070308,15.791814386238295,-3.689233962341479
2025-04-08,1244.0,1246.8,1178.5,1178.5,13049,1203.6812501596546,1241.814152880644,2.1858471193559126,15.511969223512654,0.14091358020764122
2025-04-09,1115.5,1217.0,1115.0,1162.0,12392,1173.2143291370776,1203.6812501596546,-88.18125015965461,24.294650694937335,-3.629657049484986
2025-04-10,1258.1,1260.4,1253.6,1260.4,1040,1259.1146474358973,1173.2143291370776,84.88567086292232,31.811577799784633,2.668389207136309
2025-04-11,1279.7,1306.6,1263.6,1304.2,13719,1283.489620234711,1259.1146474358973,20.585352564102777,32.31487228408999,0.6370241040450542
2025-04-14,1313.1,1320.3,1306.8,1319.3,12530,1313.7069779196595,1283.489620234711,29.610379765288826,33.161078390762434,0.8929257190121201
2025-04-15,1310.0,1316.6,1299.7,1307.9,11630,1307.6422098022356,1313.7069779196595,-3.7069779196594936,33.16133478003972,-0.11178614926835746
2025-04-16,1303.0,1313.5,1286.1,1287.8,10533,1304.6489319282255,1307.6422098022356,-4.642209802235584,33.120939982054786,-0.1401593615625273
2025-04-17,1288.3,1295.9,1284.2,1295.8,10537,1289.9557147828289,1304.6489319282255,-16.34893192822551,33.25838204473682,-0.49157327936861406
2025-04-18,1302.1,1318.7,1302.1,1307.5,11653,1310.4107697588604,1289.9557147828289,12.144285217171046,33.43512624355081,0.3632193618384652
2025-04-21,1294.5,1298.6,1286.7,1289.0,11597,1292.2365008191773,1310.4107697588604,-15.910769758860397,33.56814476064749,-0.4739841856709598
2025-04-22,1285.4,1296.0,1214.1,1293.0,11395,1270.7897645166008,1292.2365008191773,-6.836500819177218,33.54712077613999,-0.20378800508088912
2025-04-23,1314.6,1317.0,1295.7,1302.0,13344,1305.3685651478816,1270.7897645166008,43.81023548339908,34.96732951674584,1.252890514913882
2025-04-24,1303.6,1312.3,1297.1,1307.0,10784,1302.5462908011868,1305.3685651478816,-1.7685651478816453,34.96604626289494,-0.050579500312518906
2025-04-25,1314.5,1314.8,1307.0,1310.3,10689,1310.3030436274053,1302.5462908011868,11.953709198813158,35.03781037461662,0.3411659881427152
2025-04-28,1315.9,1315.9,1306.2,1310.6,9360,1309.7185256410257,1310.3030436274053,5.596956372594832,35.06823169429567,0.15960189898897167
2025-04-29,1312.5,1312.5,1307.6,1309.5,9106,1309.7830807526173,1309.7185256410257,2.7814743589742648,34.95172559180268,0.07958045881507525
2025-05-05,1313.1,1318.2,1308.0,1316.4,75912,1314.9298020514984,1309.7830807526173,3.316919247382657,34.94693796946608,0.0949130149909192
2025-05-06,1317.5,1331.4,1316.2,1317.5,226649,1318.5274611109394,1314.9298020514984,2.5701979485015727,34.938410042979854,0.07356367806490956
2025-05-07,1318.9,1326.0,1317.1,1325.0,132694,1324.579303007923,1318.5274611109394,0.3725388890607064,34.43066861154909,0.010819972544353833
2025-05-08,1327.8,1356.5,1325.3,1355.0,406339,1352.7235747327563,1324.579303007923,3.2206969920769097,31.4580823826264,0.10238058864820156
2025-05-09,1354.1,1357.4,1346.8,1350.5,105042,1350.9620891326008,1352.7235747327563,1.376425267243576,31.46144145481776,0.04374959326705614
2025-05-12,1356.3,1379.0,1352.8,1374.0,87711,1369.1346474976533,1350.9620891326008,5.3379108673991595,22.744082820799292,0.23469448776882224
2025-05-13,1378.8,1380.0,1372.0,1380.0,248872,1378.6868941999637,1369.1346474976533,9.66535250234665,14.095641738110062,0.6856979399678312
2025-05-14,1378.9,1399.0,1378.0,1396.5,258030,1395.4827925693396,1378.6868941999637,0.2131058000363737,13.651081196862787,0.01561091000508798
2025-05-15,1396.4,1402.9,1386.6,1400.7,67436,1397.411382644285,1395.4827925693396,0.9172074306604827,12.271155729693605,0.07474499149587308
2025-05-16,1397.2,1398.9,1384.2,1384.2,247062,1386.5294569784105,1397.411382644285,-0.21138264428486764,12.199736356370131,-0.017326820687767856
2025-05-19,1378.8,1392.5,1373.1,1380.1,245732,1380.8405346746317,1386.5294569784105,-7.729456978410553,12.318846054913696,-0.6274497581960979
2025-05-20,1384.0,1408.8,1382.2,1408.0,267379,1406.0837183673113,1380.8405346746317,3.1594653253682736,11.472452532138462,0.2753958071752728
2025-05-21,1407.2,1423.0,1407.2,1414.5,255008,1414.3241151911573,1406.0837183673113,1.1162816326886968,11.309038558224772,0.09870703216206243
2025-05-22,1408.0,1421.9,1402.0,1402.0,461228,1404.9154358220521,1414.3241151911573,-6.3241151911572615,10.642243611071159,-0.594246422303119
2025-05-23,1404.1,1409.4,1400.5,1406.5,323976,1406.7883977002411,1404.9154358220521,-0.8154358220522226,10.413372696114282,-0.07830660112227616
2025-05-26,1409.4,1418.0,1308.1,1416.5,316687,1410.7615627838632,1406.7883977002411,2.6116022997589425,4.510806573795018,0.5789657031473546
2025-05-27,1417.3,1420.0,1407.6,1415.5,217310,1413.622623901339,1410.7615627838632,6.538437216136799,4.540678527588307,1.439969197645349
2025-05-28,1420.9,1428.8,1418.6,1421.2,196518,1421.7113835204236,1413.622623901339,7.27737609866108,4.117158766936764,1.7675723746926504
2025-05-29,1427.9,1430.9,1417.0,1423.7,327916,1423.1578140946665,1421.7113835204236,6.188616479576467,4.1460137685130904,1.492666649246543
2025-05-30,1420.2,1422.5,1415.0,1419.5,357955,1419.3148967514537,1423.1578140946665,-2.957814094666446,4.290933368891825,-0.68931718122445
2025-06-02,1411.0,1418.0,1408.6,1415.1,158533,1414.4017281365184,1419.3148967514537,-8.314896751453716,4.8280630902288815,-1.7222013457698078
2025-06-03,1419.0,1441.0,1418.1,1435.0,249364,1433.0192535142737,1414.4017281365184,4.598271863481614,4.879149018623283,0.9424331673270101
2025-06-04,1436.9,1437.2,1426.0,1430.0,181097,1428.9331047265646,1433.0192535142737,3.8807464857263767,4.906581173373279,0.7909267876349755
2025-06-05,1428.3,1432.0,1424.7,1427.0,187842,1427.013844968999,1428.9331047265646,-0.6331047265646248,4.910600895782202,-0.1289261212631654
2025-06-06,1426.3,1426.9,1400.0,1413.6,299435,1413.8278611384776,1427.013844968999,-0.7138449689989557,4.930972245069725,-0.14476759014668958
2025-06-09,1415.5,1416.6,1397.0,1397.0,316757,1399.3102755950672,1413.8278611384776,1.6721388615223987,4.8358977944995845,0.3457763030939802
2025-06-10,1395.9,1411.3,1392.7,1396.9,285080,1396.1708665403862,1399.3102755950672,-3.4102755950671053,4.474059738459993,-0.7622329147176182
2025-06-11,1400.1,1402.8,1394.3,1401.8,108434,1401.070274391181,1396.1708665403862,3.929133459613695,4.544543467819517,0.8645826555376535
2025-06-12,1399.8,1426.0,1399.5,1409.2,466199,1409.2590348041645,1401.070274391181,-1.2702743911811467,4.561253179662843,-0.2784924101220451
2025-06-13,1399.0,1399.9,1382.0,1395.9,413781,1393.2337503816434,1409.2590348041645,-10.259034804164457,5.150796240782856,-1.9917376507608102
2025-06-16,1398.5,1420.0,1393.5,1416.7,398165,1415.8128805897054,1393.2337503816434,5.266249618356596,4.949854916612098,1.0639199950452392
2025-06-17,1418.6,1430.2,1415.2,1421.0,327951,1420.875616479291,1415.8128805897054,2.7871194102945083,4.940321537749144,0.5641574923814262
2025-06-18,1424.0,1433.5,1421.3,1427.5,208545,1427.5947717119404,1420.875616479291,3.1243835207089887,4.972558073721139,0.628325194877192
2025-06-19,1428.6,1441.5,1426.5,1440.9,32680,1434.237468380253,1427.5947717119404,1.0052282880594703,4.693073366270997,0.21419402800817505
2025-06-20,1426.9,1429.8,1420.5,1424.2,312669,1424.2026699161092,1434.237468380253,-7.337468380252858,5.041374382048052,-1.4554500071212764
2025-06-23,1417.8,1435.6,1414.0,1433.6,240125,1432.2033071664064,1424.2026699161092,-6.402669916109289,5.259621784469299,-1.2173251572984205
2025-06-24,1444.0,1461.0,1443.2,1449.3,273576,1448.501590051759,1432.2033071664064,11.796692833593625,5.70329855868188,2.068398263253471
2025-06-25,1451.2,1457.6,1446.3,1450.2,116099,1450.7836716939853,1448.501590051759,2.6984099482410784,5.505883239295523,0.4900957450355122
2025-06-26,1449.8,1457.7,1447.1,1448.8,260494,1449.4956649033504,1450.7836716939853,-0.9836716939853432,5.331768894924539,-0.18449256023113228
2025-06-27,1452.8,1464.0,1448.7,1460.0,393014,1460.8258501393507,1449.4956649033504,3.304335096649538,5.337511000980278,0.6190778990512
2025-06-30,1468.0,1469.0,1462.5,1462.6,97772,1463.2762829167177,1460.8258501393507,7.174149860649322,5.151846646445065,1.392539482051491
2025-07-01,1463.6,1468.7,1456.3,1459.2,203641,1460.1652106730305,1463.2762829167177,0.3237170832821903,5.083419827616397,0.06368096562151948
2025-07-02,1461.4,1471.8,1458.7,1469.6,520541,1468.6157968344473,1460.1652106730305,1.234789326969576,5.033138933408003,0.24533185817175215
2025-07-03,1459.6,1479.3,1454.0,1471.0,425662,1470.2863700150199,1468.6157968344473,-9.015796834447428,5.476464332153421,-1.6462805722140608
2025-07-04,1471.8,1474.8,1469.4,1472.2,109261,1472.187070104307,1470.2863700150199,1.5136299849800707,5.47856268977924,0.2762823153970449
2025-07-07,1475.6,1494.9,1475.6,1492.9,261572,1491.5346880909783,1472.187070104307,3.412929895692969,5.51425929482611,0.618928075960308
2025-07-08,1493.7,1512.5,1491.0,1512.0,264094,1509.7734179244258,1491.5346880909783,2.1653119090217388,5.449677521451963,0.39732844750873125
2025-07-09,1513.4,1534.5,1513.0,1533.0,341802,1531.1013038737826,1509.7734179244258,3.6265820755743334,5.440722928283502,0.6665625365191105
2025-07-10,1537.3,1639.7,1535.6,1568.0,170340,1563.36221106806,1531.1013038737826,6.198696126217328,5.552947565829774,1.116289331518487
2025-07-11,1571.8,1602.5,1571.3,1595.9,430021,1594.358717364966,1563.36221106806,8.43778893193985,5.098458504385751,1.6549686389879548
2025-07-14,1600.2,1608.4,1570.0,1601.2,212172,1597.6974050927238,1594.358717364966,5.8412826350340765,5.119327856600254,1.141025306184096
2025-07-15,1605.6,1611.5,1591.0,1594.0,244725,1594.8845784724351,1597.6974050927238,7.902594907276125,5.283501260844673,1.49571174816238
2025-07-16,1592.7,1619.0,1590.3,1618.0,260287,1615.987938570373,1594.8845784724351,-2.184578472435078,5.372571725267063,-0.40661690232278574
2025-07-17,1621.4,1644.4,1619.3,1638.1,41843,1633.7262417449356,1615.987938570373,5.4120614296271015,5.4182627307479745,0.9988554816499242
2025-07-18,1631.7,1638.6,1619.2,1638.0,282234,1635.918667606785,1633.7262417449356,-2.0262417449355326,5.040295501650978,-0.402008521974917
2025-07-21,1637.0,1649.0,1621.0,1624.5,294206,1626.012964838696,1635.918667606785,1.081332393215007,4.601600097193452,0.23499051859689396
2025-07-22,1620.5,1635.3,1610.6,1633.6,42280,1623.2781031220436,1626.012964838696,-5.512964838696007,4.465166533743304,-1.234660520953582
2025-07-23,1661.0,1664.5,1642.0,1653.0,294162,1651.3410046165038,1623.2781031220436,37.7218968779564,9.150593213597316,4.12234442045829
2025-07-24,1656.0,1657.9,1636.5,1655.5,329880,1652.6378499252255,1651.3410046165038,4.658995383496176,9.082679106741312,0.5129538684283357
2025-07-25,1656.2,1679.0,1650.0,1673.0,388064,1672.5892722162669,1652.6378499252255,3.562150074774536,9.081727806665135,0.39223264015469084
2025-07-28,1675.5,1694.0,1672.2,1693.0,404124,1691.058639097571,1672.5892722162669,2.9107277837331367,9.055187108053136,0.32144314071042346
2025-07-29,1693.0,1693.8,1620.0,1621.0,544512,1628.4578467202439,1691.058639097571,1.9413609024290963,9.029094490102983,0.2150116940914807
2025-07-30,1624.8,1634.5,1597.6,1623.3,227672,1622.5472024081428,1628.4578467202439,-3.657846720243924,9.171520572531499,-0.3988266385400796
2025-07-31,1626.6,1631.6,1593.0,1607.2,422540,1608.5628445433172,1622.5472024081428,4.052797591857143,8.669747019650082,0.46746434269321013
2025-08-01,1601.2,1615.0,1594.2,1615.0,439653,1611.8421192015826,1608.5628445433172,-7.362844543317124,9.04196016953868,-0.8142973874317316
2025-08-04,1607.0,1655.0,1602.1,1653.5,307452,1648.549723317244,1611.8421192015826,-4.842119201582591,9.251782810597163,-0.5233714734457815
2025-08-05,1661.7,1737.7,1635.0,1689.6,535029,1682.7379264799974,1648.549723317244,13.150276682756157,9.491568008338287,1.3854693630392487
2025-08-06,1688.2,1728.0,1680.9,1719.5,227427,1713.4933265033028,1682.7379264799974,5.462073520002605,9.496175909405778,0.5751866406131468
2025-08-07,1722.0,1739.9,1710.0,1724.7,485326,1727.6714227138048,1713.4933265033028,8.506673496697204,9.536481701584895,0.8920138225907207
2025-08-08,1727.7,1732.2,1705.5,1723.2,348771,1723.7272277989475,1727.6714227138048,0.028577286195286433,9.527629833437397,0.0029994118888827847
2025-08-11,1728.4,1745.7,1723.4,1737.5,334587,1737.7394856943035,1723.7272277989475,4.672772201052567,9.518240135004515,0.4909281689445788
2025-08-12,1736.1,1750.6,1736.1,1749.4,248504,1747.0945763448476,1737.7394856943035,-1.6394856943036302,9.539521054368683,-0.17186247453721146
2025-08-13,1757.5,1759.5,1720.1,1746.0,214700,1742.2824902965376,1747.0945763448476,10.40542365515239,9.574112230610176,1.086829087075495
2025-08-14,1749.2,1795.0,1748.5,1793.0,819023,1790.7312745388915,1742.2824902965376,6.917509703462429,9.592309042444999,0.7211516719126904
2025-08-15,1799.5,1813.6,1766.2,1781.0,385125,1783.9423395001622,1790.7312745388915,8.768725461108488,9.53884169095111,0.9192652258215815
2025-08-18,1786.1,1787.6,1769.3,1781.0,240954,1781.6556680251558,1783.9423395001622,2.157660499837675,9.521313899730012,0.22661373446566635
2025-08-19,1782.6,1834.3,1782.1,1815.9,311818,1811.8559743183525,1781.6556680251558,0.9443319748440899,9.26658687778798,0.10190720567328354
2025-08-20,1813.7,1831.6,1775.0,1831.1,296030,1822.2691862311253,1811.8559743183525,1.8440256816475085,5.132529743132584,0.35928202542125504
2025-08-21,1834.8,1878.5,1831.1,1876.9,83923,1860.6715107896523,1822.2691862311253,12.530813768874623,5.54192927758445,2.2610923274604477
2025-08-22,1859.7,1859.9,1782.0,1805.0,366598,1811.3927691003955,1860.6715107896523,-0.9715107896522568,5.632003366214594,-0.1724982615387236
2025-08-25,1820.1,1825.0,1773.2,1783.0,373625,1785.315443292071,1811.3927691003955,8.707230899604383,5.759115370179816,1.5119042318008848
2025-08-26,1776.0,1854.0,1772.5,1852.0,324818,1840.516489233971,1785.315443292071,-9.315443292070995,6.437843861152342,-1.4469818611605123
2025-08-27,1858.1,1869.6,1843.1,1846.4,204361,1850.6856417483436,1840.516489233971,17.583510766028894,7.005633106125767,2.509910310697511
2025-08-28,1849.0,1865.0,1826.0,1862.9,245635,1858.4889297806365,1850.6856417483436,-1.6856417483436417,7.123330767662318,-0.23663673684730818
2025-08-29,1867.8,1878.8,1859.0,1861.0,409600,1862.3814040527345,1858.4889297806365,9.3110702193635,6.712854808858209,1.3870507383947461
2025-09-03,1856.2,1863.1,1840.5,1855.0,266853,1854.9642508547154,1862.3814040527345,-6.181404052734479,6.818138337681179,-0.9066117093242712
2025-09-04,1858.4,1884.0,1843.6,1883.0,252431,1877.387978761193,1854.9642508547154,3.435749145284717,6.513156531724061,0.5275090700722433
2025-09-05,1888.9,1898.0,1845.4,1845.4,651828,1854.4687472257506,1877.387978761193,11.512021238807165,6.718273038156679,1.7135387581636259
2025-09-08,1844.5,1844.5,1800.0,1800.0,128246,1817.6054894499632,1854.4687472257506,-9.968747225750576,7.360042222644571,-1.35444158120178
2025-09-09,1801.3,1825.0,1795.2,1825.0,363828,1818.9662542007027,1817.6054894499632,-16.30548944996326,8.56725948355333,-1.9032328227322988
2025-09-10,1825.5,1830.3,1806.0,1824.9,351067,1821.5474804904288,1818.9662542007027,6.533745799297321,8.600584451124043,0.7596862557920004
2025-09-11,1826.3,1862.0,1778.0,1853.4,453989,1845.901071244751,1821.5474804904288,4.75251950957113,8.548303814551929,0.5559605288572959
2025-09-12,1856.8,1871.2,1835.5,1859.0,513886,1858.5200460153937,1845.901071244751,10.898928755249017,8.571338074916962,1.271555113097625
2025-09-15,1859.2,1879.0,1850.6,1876.0,434629,1871.9444548492315,1858.5200460153937,0.6799539846062999,8.53752072706315,0.07964302592565412
2025-09-16,1890.0,1895.0,1867.0,1876.0,287668,1877.8902636604234,1871.9444548492315,18.055545150768467,9.11448484732269,1.9809726444465092
2025-09-17,1874.0,1885.0,1870.2,1873.5,300597,1875.8066713905994,1877.8902636604234,-3.890263660423443,9.25109710012761,-0.42051916851783777
2025-09-18,1877.0,1877.0,1852.0,1856.5,98821,1860.702928190027,1875.8066713905994,1.1933286094006235,9.248460517680366,0.12902997283919052
2025-09-19,1854.5,1855.6,1838.2,1848.3,250936,1847.8955538463993,1860.702928190027,-6.2029281900270234,9.470831394050489,-0.6549507569022568
2025-09-22,1848.4,1851.8,1800.5,1815.1,369119,1814.4829485883956,1847.8955538463993,0.5044461536008384,9.180009731738304,0.05495050314127693
2025-09-23,1813.2,1832.6,1808.1,1812.1,310473,1813.9843636430003,1814.4829485883956,-1.282948588395584,9.185457244141988,-0.1396717174002179
2025-09-24,1811.1,1863.0,1795.3,1849.0,538559,1842.8047474835626,1813.9843636430003,-2.88436364300037,9.099745202827814,-0.31697191280740833
2025-09-25,1849.2,1857.9,1842.3,1849.4,219885,1849.0394321273998,1842.8047474835626,6.395252516437495,8.805101169018654,0.7263122130770768
2025-09-26,1845.2,1864.0,1839.5,1840.0,248965,1844.360218504609,1849.0394321273998,-3.839432127399732,8.100130480956665,-0.47399633085247245
2025-09-29,1840.3,1868.0,1835.2,1855.2,203885,1855.1678678339915,1844.360218504609,-4.060218504609111,8.15954807670623,-0.49760335577900067
2025-09-30,1854.3,1864.4,1841.7,1854.3,288646,1853.5526675119927,1855.1678678339915,-0.8678678339915677,7.923494393360933,-0.10953094567956671
2025-10-01,1857.7,1872.3,1853.3,1864.0,258202,1863.3654281015124,1853.5526675119927,4.1473324880073505,7.806048433069882,0.5312973040799249
2025-10-02,1867.8,1881.6,1840.0,1852.5,237612,1855.7053971741045,1863.3654281015124,4.4345718984875475,7.82602332848598,0.566644349544184
2025-10-03,1853.9,1867.8,1844.1,1856.9,300261,1858.8039619975068,1855.7053971741045,-1.805397174104428,7.44073775455226,-0.24263685049239664
2025-10-06,1864.5,1920.5,1864.0,1918.6,494634,1915.4923518534238,1858.8039619975068,5.6960380024931965,7.117670294154305,0.8002671895565765
2025-10-07,1922.8,1925.8,1908.3,1911.3,322259,1912.5195547680594,1915.4923518534238,7.3076481465761844,5.937869091759064,1.23068529023622
2025-10-08,1930.0,1944.0,1903.1,1919.0,498024,1916.4289289940514,1912.5195547680594,17.48044523194062,6.792773140995015,2.5733886395299312
2025-10-09,1921.6,1943.6,1915.5,1936.6,298435,1935.273304516338,1916.4289289940514,5.171071005948534,6.799630920232467,0.7604928953661126
2025-10-10,1940.0,1975.9,1936.2,1975.9,624306,1971.7449740992402,1935.273304516338,4.72669548366207,6.550923940732376,0.72153111933912
2025-10-13,1966.7,2019.9,1957.7,2013.8,353049,2010.2222198618322,1971.7449740992402,-5.0449740992401075,6.758627157888074,-0.7464495349994352
2025-10-14,2013.1,2041.0,2003.7,2014.0,280412,2018.743487796528,2010.2222198618322,2.8777801381677364,5.653678512064756,0.5090102191036601
2025-10-15,2018.7,2034.0,2013.5,2022.0,130014,2022.0120910055841,2018.743487796528,-0.04348779652787016,5.524507297301513,-0.007871796377047434
2025-10-16,2021.5,2026.0,2009.0,2012.7,81306,2015.7566194376798,2022.0120910055841,-0.512091005584125,5.545781234955942,-0.09233883990164161
2025-10-17,2015.9,2017.5,1960.0,1968.0,617090,1970.0195256229506,2015.7566194376798,0.14338056232031704,5.2488343837165,0.027316648200051363
2025-10-20,1969.6,1969.8,1861.0,1861.0,435442,1880.5704083819812,1970.0195256229506,-0.41952562295068674,5.266054054568464,-0.0796660305047069
2025-10-21,1873.7,1933.0,1860.0,1900.2,218381,1897.6062891612974,1880.5704083819812,-6.8704083819811785,5.581504808674555,-1.2309240281050122
2025-10-22,1908.0,1927.6,1857.1,1926.0,224628,1913.156665538876,1897.6062891612974,10.393710838702646,5.805043660876688,1.7904621301561354
2025-10-23,1923.0,1959.0,1913.0,1943.5,271875,1941.6382691800763,1913.156665538876,9.843334461123959,5.9826335576108995,1.6453179634580175
2025-10-24,1945.1,1954.2,1903.9,1937.5,515270,1937.9389435959142,1941.6382691800763,3.4617308199235595,5.7993816415375825,0.5969137804501784
2025-10-27,1952.0,1956.6,1890.0,1891.5,808194,1901.0826007122052,1937.9389435959142,14.061056404085775,6.079496065595102,2.3128654500921018
2025-10-28,1881.5,1947.2,1871.2,1940.9,642922,1932.942970998037,1901.0826007122052,-19.58260071220525,7.967982020363371,-2.4576612575378536
2025-10-29,1944.3,1964.5,1936.1,1947.0,203864,1947.6729684168529,1932.942970998037,11.357029001962928,8.193319615691056,1.38613279289301
2025-10-30,1947.0,1948.4,1910.6,1927.0,468617,1926.4409953828676,1947.6729684168529,-0.672968416852882,8.230157553314967,-0.08176859464638338
2025-10-31,1928.0,1928.0,1887.5,1892.0,425550,1895.0519989033799,1926.4409953828676,1.5590046171323593,8.163497395670301,0.19097263606150144
2025-11-03,1893.1,1915.0,1855.0,1860.0,381714,1868.63681054402,1895.0519989033799,-1.9519989033799447,8.211845151538272,-0.23770527419337534
2025-11-04,1855.1,1907.7,1851.0,1898.0,513245,1890.883743306478,1868.63681054402,-13.53681054402,8.886541888252754,-1.52329339289049
2025-11-05,1893.0,1899.0,1877.0,1886.0,157520,1887.0786298036228,1890.883743306478,2.1162566935220184,8.070066754907959,0.26223533928452053
2025-11-06,1888.9,1895.0,1866.5,1866.5,366187,1870.7868512535947,1887.0786298036228,1.821370196377302,8.010289341419208,0.2273788272490297
2025-11-07,1861.6,1864.8,1819.0,1827.8,532886,1830.522123180818,1870.7868512535947,-9.186851253594796,8.241760240095607,-1.1146710151675348
2025-11-10,1825.1,1850.5,1801.0,1801.3,499716,1807.7504424513124,1830.522123180818,-5.422123180818062,8.254310243234299,-0.6568838608001609
2025-11-11,1807.9,1838.0,1801.0,1815.1,556433,1812.4254044362333,1807.7504424513124,0.14955754868765325,8.226253779455446,0.018180517243604116
2025-11-12,1821.1,1875.9,1819.7,1870.4,520996,1865.2108091041005,1812.4254044362333,8.674595563766616,8.460653868483487,1.0252866620723105
2025-11-13,1870.6,1878.5,1852.0,1863.0,286878,1864.3581062333114,1865.2108091041005,5.389190895899446,8.534477045719152,0.6314611741328234
2025-11-14,1853.0,1880.0,1851.3,1871.0,323357,1868.6989390467293,1864.3581062333114,-11.358106233311446,8.942236073792307,-1.2701639880207942
2025-11-17,1873.8,1896.5,1871.5,1895.2,245254,1892.524593278805,1868.6989390467293,5.101060953270689,9.01380659277883,0.5659163973362007
2025-11-18,1895.6,1898.0,1878.3,1898.0,244205,1893.3430011670523,1892.524593278805,3.075406721194895,8.87254211140007,0.34662069591570543
2025-11-19,1893.6,1896.5,1878.0,1885.8,373035,1887.044457490584,1893.3430011670523,0.25699883294760184,8.578179622550442,0.029959600317997492
2025-11-20,1890.0,1907.9,1887.9,1898.0,97710,1897.2064763074404,1887.044457490584,2.955542509416091,8.307069944173676,0.3557863999314244
2025-11-21,1875.5,1893.9,1860.2,1892.4,308106,1887.3344297092558,1897.2064763074404,-21.706476307440425,9.553989577907112,-2.271980320936819
2025-11-24,1895.9,1925.0,1894.2,1911.0,322193,1913.8138081832938,1887.3344297092558,8.56557029074429,9.158424237379519,0.9352668176021446
2025-11-25,1911.2,1922.5,1900.0,1908.1,171006,1911.0380663056656,1913.8138081832938,-2.6138081832937132,8.135650588321697,-0.32127832370845655
2025-11-26,1913.0,1931.0,1909.6,1924.9,373770,1924.69422817954,1911.0380663056656,1.9619336943344479,7.655568134525078,0.25627538803900396
2025-11-27,1929.2,1934.0,1915.0,1921.0,309286,1921.9196537616747,1924.69422817954,4.5057718204600405,7.76262936815282,0.5804440231225706
2025-11-28,1923.0,1932.0,1908.0,1923.0,433219,1921.5734109076473,1921.9196537616747,1.080346238325319,7.755116490792278,0.1393075448457833
2025-12-01,1923.7,1939.7,1922.2,1933.0,319561,1932.4315045745047,1921.5734109076473,2.1265890923527877,7.782511804310707,0.2732522797042051
2025-12-02,1928.2,1948.0,1916.0,1947.0,368589,1942.9813227379727,1932.4315045745047,-4.231504574504697,7.240393576157038,-0.5844301873919181
2025-12-03,1949.0,1981.9,1948.5,1972.0,267122,1970.164897936773,1942.9813227379727,6.018677262027268,7.361553356965484,0.8175825087693497
2025-12-04,1974.9,1986.0,1965.5,1977.0,196962,1976.2799937720642,1970.164897936773,4.735102063227032,7.430954492680808,0.6372131693029365
2025-12-05,1983.9,1986.5,1969.8,1976.6,267608,1977.9828179028034,1976.2799937720642,7.620006227935846,7.285801389211776,1.0458707039721031
2025-12-08,1976.5,1992.6,1976.0,1984.0,326824,1983.024297175238,1977.9828179028034,-1.48281790280339,7.159635778386683,-0.2071080078234819
2025-12-09,1985.1,1987.1,1953.9,1970.0,510694,1970.7550214675196,1983.024297175238,2.0757028247619473,7.15996560991815,0.2899040215900808
2025-12-10,1965.0,1967.9,1931.5,1935.0,276390,1939.1497320211781,1970.7550214675196,-5.755021467519555,7.08714580868892,-0.8120365550351503
2025-12-11,1942.0,1943.5,1915.0,1919.1,312808,1920.961771970879,1939.1497320211781,2.8502679788218757,7.0157561276714535,0.4062666841539554
2025-12-12,1924.9,1925.6,1866.9,1871.0,522374,1877.5433655452478,1920.961771970879,3.938228029121092,6.493546742971202,0.6064833572475536
2025-12-15,1868.6,1887.0,1856.1,1868.5,175462,1869.395837085333,1877.5433655452478,-8.943365545247843,6.785665046095721,-1.3179792230377776
2025-12-16,1869.0,1926.8,1856.9,1912.4,350455,1905.0644152126044,1869.395837085333,-0.3958370853329143,6.756662262880602,-0.058584707941899565
2025-12-17,1914.0,1918.4,1893.1,1898.2,196554,1903.7782940057182,1905.0644152126044,8.935584787395555,7.0349455449168925,1.2701711378351708
2025-12-18,1895.5,1902.0,1884.0,1899.1,58929,1894.106434862292,1903.7782940057182,-8.27829400571818,7.2821138193385915,-1.136798216986681
2025-12-19,1911.9,1942.6,1909.4,1936.9,308903,1932.4118082375371,1894.106434862292,17.79356513770813,6.3701827720346085,2.793258180255469
2025-12-22,1944.9,1998.0,1940.9,1997.0,531990,1992.6733157891438,1932.4118082375371,12.488191762462975,6.636948766872107,1.8816164175919154
2025-12-23,2002.0,2025.9,1997.2,2015.0,258938,2014.6231684804857,1992.6733157891438,9.326684210856229,6.715685384220164,1.388791117697551
2025-12-24,2019.4,2024.9,2002.3,2022.0,216392,2018.7855613885913,2014.6231684804857,4.776831519514417,6.726277615917118,0.710174600615723
2025-12-25,2021.9,2048.3,1940.0,1950.0,985232,1977.1241662539041,2018.7855613885913,3.1144386114087865,6.716628710836661,0.46369075104358937
2025-12-26,1943.1,1989.0,1926.1,1969.0,414665,1959.7284330724804,1977.1241662539041,-34.02416625390424,10.649660609868542,-3.1948592072855013
2025-12-29,1968.7,2004.0,1961.0,1990.2,259097,1986.1175320439836,1959.7284330724804,8.971566927519689,10.792257509026156,0.8312965957322901
2025-12-30,1993.3,2014.1,1985.0,2014.1,377364,2008.5401832183252,1986.1175320439836,7.182467956016353,10.776294775748509,0.6665062626330641
2025-12-31,2017.3,2037.7,2013.8,2029.0,403977,2028.3087170804279,2008.5401832183252,8.759816781674772,10.846663100009867,0.8076047629493354
